P_AccountNumber,P_Password
IQ10344,welcome
IQ10368,welcome
IQ10435,welcome
IQ10437,welcome
IQ10443,welcome
IQ10444,welcome
IQ10446,welcome
IQ10447,welcome
IQ10449,welcome
IQ10451,welcome
IQ10460,welcome
IQ10462,welcome
IQ10464,welcome
IQ10466,welcome
IQ10467,welcome
IQ10400,welcome
IQ10324,welcome
IQ10427,welcome
IQ10434,welcome
IQ10436,welcome
IQ10441,welcome
IQ10445,welcome
IQ10448,welcome
IQ10452,welcome
IQ10453,welcome
IQ10359,welcome
IQ10360,welcome
IQ10361,welcome
IQ10362,welcome
IQ10388,welcome
IQ10427,welcome
IQ10429,welcome
IQ10432,welcome
IQ10454,welcome
IQ10461,welcome
IQ10463,welcome
IQ10465,welcome
IQ10469,welcome
IQ10470,welcome
IQ10471,welcome
